<?xml version="1.0" encoding="utf-8"?>
<feed xmlns="http://www.w3.org/2005/Atom"><title>Mon Blog Freelance</title><link href="http://pelican.devops.oc/" rel="alternate"></link><link href="http://pelican.devops.oc/feeds/all.atom.xml" rel="self"></link><id>http://pelican.devops.oc/</id><updated>2020-12-06T17:42:00+01:00</updated><entry><title>Hello World</title><link href="http://pelican.devops.oc/hello-world.html" rel="alternate"></link><published>2020-12-06T17:42:00+01:00</published><updated>2020-12-06T17:42:00+01:00</updated><author><name>Seb</name></author><id>tag:pelican.devops.oc,2020-12-06:/hello-world.html</id><summary type="html">&lt;p&gt;Preùmier article - Hello World&lt;/p&gt;</summary><content type="html">&lt;p&gt;Premier article en MarkDown&lt;/p&gt;
&lt;h2&gt;Titre&lt;/h2&gt;
&lt;ul&gt;
&lt;li&gt;test Liste1&lt;/li&gt;
&lt;li&gt;test Liste2&lt;/li&gt;
&lt;/ul&gt;</content><category term="test"></category><category term="test"></category></entry></feed>